{"cameraMode":{"drawMode":0,"name":"Shaded","section":"Shading Mode"},"sceneLighting":false,"audioPlay":false,"sceneViewState":{"m_AlwaysRefresh":false,"showFog":true,"showSkybox":false,"showFlares":true,"showImageEffects":true,"showParticleSystems":true,"showVisualEffectGraphs":true,"m_FxEnabled":false},"in2DMode":false,"pivot":{"x":119.31461334228516,"y":-28.734025955200197,"z":19.03445816040039},"rotation":{"x":0.20108167827129365,"y":-0.6663234829902649,"z":0.19364210963249207,"w":0.6915372610092163},"size":0.8660253882408142,"orthographic":false}